-- phpMyAdmin SQL Dump
-- version 5.1.1
-- https://www.phpmyadmin.net/
--
-- Host: 127.0.0.1
-- Generation Time: Apr 22, 2022 at 08:07 AM
-- Server version: 10.4.21-MariaDB
-- PHP Version: 7.3.31

SET SQL_MODE = "NO_AUTO_VALUE_ON_ZERO";
START TRANSACTION;
SET time_zone = "+00:00";


/*!40101 SET @OLD_CHARACTER_SET_CLIENT=@@CHARACTER_SET_CLIENT */;
/*!40101 SET @OLD_CHARACTER_SET_RESULTS=@@CHARACTER_SET_RESULTS */;
/*!40101 SET @OLD_COLLATION_CONNECTION=@@COLLATION_CONNECTION */;
/*!40101 SET NAMES utf8mb4 */;

--
-- Database: `mhn_patient_ms`
--

-- --------------------------------------------------------

--
-- Table structure for table `admins`
--

CREATE TABLE `admins` (
  `id` int(10) UNSIGNED NOT NULL,
  `role_type` enum('admin') COLLATE utf8mb4_unicode_ci NOT NULL DEFAULT 'admin',
  `name` varchar(191) COLLATE utf8mb4_unicode_ci NOT NULL,
  `email` varchar(191) COLLATE utf8mb4_unicode_ci NOT NULL,
  `job_title` varchar(191) COLLATE utf8mb4_unicode_ci NOT NULL,
  `password` varchar(191) COLLATE utf8mb4_unicode_ci NOT NULL,
  `remember_token` varchar(100) COLLATE utf8mb4_unicode_ci DEFAULT NULL,
  `created_at` timestamp NULL DEFAULT NULL,
  `updated_at` timestamp NULL DEFAULT NULL
) ENGINE=InnoDB DEFAULT CHARSET=utf8mb4 COLLATE=utf8mb4_unicode_ci;

-- --------------------------------------------------------

--
-- Table structure for table `category`
--

CREATE TABLE `category` (
  `id` int(10) UNSIGNED NOT NULL,
  `name` varchar(191) COLLATE utf8mb4_unicode_ci NOT NULL,
  `created_at` timestamp NULL DEFAULT NULL,
  `updated_at` timestamp NULL DEFAULT NULL
) ENGINE=InnoDB DEFAULT CHARSET=utf8mb4 COLLATE=utf8mb4_unicode_ci;

--
-- Dumping data for table `category`
--

INSERT INTO `category` (`id`, `name`, `created_at`, `updated_at`) VALUES
(1, 'Sint ut.', '2020-01-21 12:30:25', '2020-01-21 12:30:25'),
(2, 'Quasi.', '2020-01-21 12:30:25', '2020-01-21 12:30:25'),
(3, 'Id soluta.', '2020-01-21 12:30:25', '2020-01-21 12:30:25'),
(4, 'Nisi.', '2020-01-21 12:30:25', '2020-01-21 12:30:25'),
(5, 'Dolores.', '2020-01-21 12:30:25', '2020-01-21 12:30:25'),
(6, 'Culpa ut.', '2020-01-21 12:30:25', '2020-01-21 12:30:25'),
(7, 'Pariatur.', '2020-01-21 12:30:25', '2020-01-21 12:30:25'),
(8, 'Magnam.', '2020-01-21 12:30:25', '2020-01-21 12:30:25'),
(9, 'Et.', '2020-01-21 12:30:25', '2020-01-21 12:30:25'),
(10, 'Mollitia.', '2020-01-21 12:30:25', '2020-01-21 12:30:25'),
(11, 'Nihil.', '2020-01-21 12:30:25', '2020-01-21 12:30:25'),
(12, 'Non quam.', '2020-01-21 12:30:25', '2020-01-21 12:30:25'),
(13, 'Qui.', '2020-01-21 12:30:25', '2020-01-21 12:30:25'),
(14, 'Enim.', '2020-01-21 12:30:25', '2020-01-21 12:30:25'),
(15, 'Et.', '2020-01-21 12:30:25', '2020-01-21 12:30:25'),
(16, 'Occaecati.', '2020-01-21 12:30:25', '2020-01-21 12:30:25'),
(17, 'Odio ut.', '2020-01-21 12:30:25', '2020-01-21 12:30:25'),
(18, 'Dolor.', '2020-01-21 12:30:25', '2020-01-21 12:30:25'),
(19, 'Qui.', '2020-01-21 12:30:25', '2020-01-21 12:30:25'),
(20, 'Minima.', '2020-01-21 12:30:25', '2020-01-21 12:30:25');

-- --------------------------------------------------------

--
-- Table structure for table `country`
--

CREATE TABLE `country` (
  `id` int(10) UNSIGNED NOT NULL,
  `name` varchar(191) COLLATE utf8mb4_unicode_ci NOT NULL,
  `created_at` timestamp NULL DEFAULT NULL,
  `updated_at` timestamp NULL DEFAULT NULL
) ENGINE=InnoDB DEFAULT CHARSET=utf8mb4 COLLATE=utf8mb4_unicode_ci;

--
-- Dumping data for table `country`
--

INSERT INTO `country` (`id`, `name`, `created_at`, `updated_at`) VALUES
(1, 'Corrupti.', '2020-01-21 12:30:25', '2020-01-21 12:30:25'),
(2, 'A vel eos.', '2020-01-21 12:30:25', '2020-01-21 12:30:25'),
(3, 'Nobis.', '2020-01-21 12:30:25', '2020-01-21 12:30:25'),
(4, 'Iusto.', '2020-01-21 12:30:25', '2020-01-21 12:30:25'),
(5, 'Harum quo.', '2020-01-21 12:30:25', '2020-01-21 12:30:25'),
(6, 'Nulla ut.', '2020-01-21 12:30:25', '2020-01-21 12:30:25'),
(7, 'Atque.', '2020-01-21 12:30:25', '2020-01-21 12:30:25'),
(8, 'Soluta.', '2020-01-21 12:30:25', '2020-01-21 12:30:25'),
(9, 'Non sequi.', '2020-01-21 12:30:25', '2020-01-21 12:30:25'),
(10, 'Tempore.', '2020-01-21 12:30:25', '2020-01-21 12:30:25'),
(11, 'Ad.', '2020-01-21 12:30:25', '2020-01-21 12:30:25'),
(12, 'Aut eos.', '2020-01-21 12:30:25', '2020-01-21 12:30:25'),
(13, 'Eum.', '2020-01-21 12:30:25', '2020-01-21 12:30:25'),
(14, 'Natus.', '2020-01-21 12:30:25', '2020-01-21 12:30:25'),
(15, 'Qui est.', '2020-01-21 12:30:25', '2020-01-21 12:30:25'),
(16, 'Vero eum.', '2020-01-21 12:30:25', '2020-01-21 12:30:25'),
(17, 'Dolore.', '2020-01-21 12:30:25', '2020-01-21 12:30:25'),
(18, 'Ut.', '2020-01-21 12:30:25', '2020-01-21 12:30:25'),
(19, 'Inventore.', '2020-01-21 12:30:25', '2020-01-21 12:30:25'),
(20, 'Rem et.', '2020-01-21 12:30:25', '2020-01-21 12:30:25');

-- --------------------------------------------------------

--
-- Table structure for table `hospitals`
--

CREATE TABLE `hospitals` (
  `id` int(10) UNSIGNED NOT NULL,
  `role_type` enum('hospital') COLLATE utf8mb4_unicode_ci NOT NULL DEFAULT 'hospital',
  `name` varchar(191) COLLATE utf8mb4_unicode_ci NOT NULL,
  `email` varchar(191) COLLATE utf8mb4_unicode_ci NOT NULL,
  `job_title` varchar(191) COLLATE utf8mb4_unicode_ci NOT NULL,
  `password` varchar(191) COLLATE utf8mb4_unicode_ci NOT NULL,
  `remember_token` varchar(100) COLLATE utf8mb4_unicode_ci DEFAULT NULL,
  `created_at` timestamp NULL DEFAULT NULL,
  `updated_at` timestamp NULL DEFAULT NULL
) ENGINE=InnoDB DEFAULT CHARSET=utf8mb4 COLLATE=utf8mb4_unicode_ci;

-- --------------------------------------------------------

--
-- Table structure for table `migrations`
--

CREATE TABLE `migrations` (
  `id` int(10) UNSIGNED NOT NULL,
  `migration` varchar(255) COLLATE utf8mb4_unicode_ci NOT NULL,
  `batch` int(11) NOT NULL
) ENGINE=InnoDB DEFAULT CHARSET=utf8mb4 COLLATE=utf8mb4_unicode_ci;

--
-- Dumping data for table `migrations`
--

INSERT INTO `migrations` (`id`, `migration`, `batch`) VALUES
(4, '2014_10_12_100000_create_password_resets_table', 1),
(5, '2016_06_01_000001_create_oauth_auth_codes_table', 1),
(6, '2016_06_01_000002_create_oauth_access_tokens_table', 1),
(7, '2016_06_01_000003_create_oauth_refresh_tokens_table', 1),
(8, '2016_06_01_000004_create_oauth_clients_table', 1),
(9, '2016_06_01_000005_create_oauth_personal_access_clients_table', 1),
(10, '2019_09_10_103621_create_country_table', 1),
(11, '2019_09_12_070731_create_category_table', 1),
(12, '2019_09_16_160350_create_admins_table', 1),
(13, '2019_09_20_104512_create_hospitals_table', 1),
(14, '2014_10_12_000000_create_users_table', 2);

-- --------------------------------------------------------

--
-- Table structure for table `oauth_access_tokens`
--

CREATE TABLE `oauth_access_tokens` (
  `id` varchar(100) COLLATE utf8mb4_unicode_ci NOT NULL,
  `user_id` int(11) DEFAULT NULL,
  `client_id` int(11) NOT NULL,
  `name` varchar(191) COLLATE utf8mb4_unicode_ci DEFAULT NULL,
  `scopes` text COLLATE utf8mb4_unicode_ci DEFAULT NULL,
  `revoked` tinyint(1) NOT NULL,
  `created_at` timestamp NULL DEFAULT NULL,
  `updated_at` timestamp NULL DEFAULT NULL,
  `expires_at` datetime DEFAULT NULL
) ENGINE=InnoDB DEFAULT CHARSET=utf8mb4 COLLATE=utf8mb4_unicode_ci;

--
-- Dumping data for table `oauth_access_tokens`
--

INSERT INTO `oauth_access_tokens` (`id`, `user_id`, `client_id`, `name`, `scopes`, `revoked`, `created_at`, `updated_at`, `expires_at`) VALUES
('00c94d817e37f61bef6240678e3ed9ca435884a0dd1e4eecbe70efec343a34a3edd36e8d3fb505da', 28, 1, 'p_user_api_token', '[]', 0, '2020-04-14 05:51:10', '2020-04-14 05:51:10', '2021-04-14 05:51:10'),
('012f87af580d69a8430a0010870020352e10f41b0f754bd2736d4f30735e97a25aafb0612deef272', 74, 1, 'p_user_api_token', '[]', 0, '2020-07-24 09:22:35', '2020-07-24 09:22:35', '2021-07-24 09:22:35'),
('018eb1a61a51e8d3b0907270e9f33dd7a7ae698a63030c9fa5d2c54137fa4878c41318df8363a8de', 24, 1, 'p_user_api_token', '[]', 0, '2020-04-06 13:08:23', '2020-04-06 13:08:23', '2021-04-06 13:08:23'),
('0306eda4875e1aa1cd1ad4d7426d513dfad08357f0aa0782107e051088e8bf83752db33a86eefc6d', 92, 3, 'p_user_api_token', '[]', 0, '2021-03-18 01:05:01', '2021-03-18 01:05:01', '2022-03-18 06:35:01'),
('0396922cc855fbf0a850210bf3a3728579df12be65e64445b4a445a199ca9c5b2074dd3fac400d54', 28, 1, 'p_user_api_token', '[]', 0, '2020-04-14 05:56:53', '2020-04-14 05:56:53', '2021-04-14 05:56:53'),
('04ac4b45e6e111b357be90bc4a0449a496fcb5c235f4d71cfbe02f30dcb72612580556cefaf20bbb', 104, 9, 'p_user_api_token', '[]', 0, '2022-03-10 04:04:47', '2022-03-10 04:04:47', '2023-03-10 09:34:47'),
('04f1f643c8a767d20a275e98e48f69bb743a6a5ad90f26b27213e6ead9c1c348410483d1d7949f51', 104, 9, 'p_user_api_token', '[]', 0, '2022-03-10 04:07:11', '2022-03-10 04:07:11', '2023-03-10 09:37:11'),
('05797ed1115b0dedf466f2c3b722343df2aa93eff672c525c86b8bb08d45881baaa5c7f2457a2301', 107, 9, 'p_user_api_token', '[]', 0, '2022-03-12 03:59:31', '2022-03-12 03:59:31', '2023-03-12 09:29:31'),
('05ea20f9b73d3cf15de0fed9b175f2277c944e806a1b435d58a6b4c20ba9b1d38d87d89cffca8f5d', 46, 1, 'p_user_api_token', '[]', 0, '2020-06-11 09:42:28', '2020-06-11 09:42:28', '2021-06-11 09:42:28'),
('084b3072c898ef983c07ae7c42297a46799e9320c1fd29ba07ccaaa2bba97043927ed0d5b8c5afc5', 104, 9, 'p_user_api_token', '[]', 0, '2022-03-10 00:11:12', '2022-03-10 00:11:12', '2023-03-10 05:41:12'),
('08de666bd88368d8e3b8a732ceec67c7ab08952282a7e9f043e761f7242edee65836bbd7321bd17b', 66, 1, 'p_user_api_token', '[]', 0, '2020-07-10 18:30:48', '2020-07-10 18:30:48', '2021-07-10 18:30:48'),
('09ac714e6afc69f1aaef99a5785628897f0cea082cf0bab23ec7b174c15918627b0f41e47de40179', 104, 9, 'p_user_api_token', '[]', 0, '2022-03-10 03:53:39', '2022-03-10 03:53:39', '2023-03-10 09:23:39'),
('09ad58410a668deb319d5e7839800756522d5556ac5e61ddb07969777f67d86a6c03e89c1847ce63', 20, 1, 'p_user_api_token', '[]', 0, '2020-02-18 11:36:59', '2020-02-18 11:36:59', '2021-02-18 11:36:59'),
('0b29b23ff306bcde41b80325351ca6588cfb153a1f7a2b93f5734d9719635da4d34db0e1207bbdb0', 104, 9, 'p_user_api_token', '[]', 0, '2022-03-10 00:37:24', '2022-03-10 00:37:24', '2023-03-10 06:07:24'),
('0b3781fea08c073d0c2e7f791123e4b7665d68390517306f555256b4d55219d69dfbd017eaac6a58', 37, 1, 'p_user_api_token', '[]', 0, '2020-05-23 05:03:31', '2020-05-23 05:03:31', '2021-05-23 05:03:31'),
('0b8af6622d9ce201101cc427ddaeb0e6f4edca8fce14a463f6e61b633f28eac601b6df1a5773f2df', 107, 9, 'p_user_api_token', '[]', 0, '2022-03-31 07:08:48', '2022-03-31 07:08:48', '2023-03-31 12:38:48'),
('0cd1f8e78389e3827b577a2e8035b036828b9cc7ac846de1e00359ff639f08a1a3a52bc7fa2715d5', 104, 9, 'p_user_api_token', '[]', 0, '2022-03-10 03:58:24', '2022-03-10 03:58:24', '2023-03-10 09:28:24'),
('0da274a44b1190a40274ea1b83bf0063caffa41273b1f024a9ec15437ac2ad31bcc3498597fe712a', 107, 9, 'p_user_api_token', '[]', 0, '2022-03-31 07:10:22', '2022-03-31 07:10:22', '2023-03-31 12:40:22'),
('104ec20b852e2cbd4480c6b36d8786f08f2f41fae820b7588af897589f88ddcce6877123b2a56866', 107, 9, 'p_user_api_token', '[]', 0, '2022-03-12 02:23:18', '2022-03-12 02:23:18', '2023-03-12 07:53:18'),
('12aeeba078b750a7ae05585358c04f7695fb9ee2ca7f3c61d58f1f7730c87674ce9b02d8628f07d3', 75, 1, 'p_user_api_token', '[]', 0, '2020-07-25 11:14:22', '2020-07-25 11:14:22', '2021-07-25 11:14:22'),
('132e96150f203f52fb3b03d4fcd68267fb672ad4b4e445f9dc87b52e6c1f17efb7122e3d4343e27c', 104, 9, 'p_user_api_token', '[]', 0, '2022-03-10 04:10:28', '2022-03-10 04:10:28', '2023-03-10 09:40:28'),
('145e951eecc3058faeda3a48ea41f992fdcda483bba6fd963be53485e97cb42f5934f2c5ed66e249', 28, 1, 'p_user_api_token', '[]', 0, '2020-04-14 05:45:48', '2020-04-14 05:45:48', '2021-04-14 05:45:48'),
('14a2323057bd6278a91f7e70946501f7ba28453e16fb773d6d60556568126e5c29657f9606c677c8', 107, 9, 'p_user_api_token', '[]', 0, '2022-03-31 06:56:45', '2022-03-31 06:56:45', '2023-03-31 12:26:45'),
('15095813446c622f55b29ebca7a13ddaed043a624b8cc620417c91781bb11527668de0411f7e499a', 92, 3, 'p_user_api_token', '[]', 0, '2021-03-18 01:09:34', '2021-03-18 01:09:34', '2022-03-18 06:39:34'),
('1688dcbbd52161bbe1a2dd914699e5f940554a9150afafabdfe7d56f4de402827193fbc6614bd0dc', 107, 9, 'p_user_api_token', '[]', 0, '2022-03-31 06:38:56', '2022-03-31 06:38:56', '2023-03-31 12:08:56'),
('175041071783ff030bcc58fa3d284d954e7dc6eaa7795865886f1f7d3420f5ecccbccaf918198b56', 50, 1, 'p_user_api_token', '[]', 0, '2020-06-20 08:01:12', '2020-06-20 08:01:12', '2021-06-20 08:01:12'),
('19b5b5d71da23217ca1fdb3215d377ba78922dc193ba86f8057b92731c263edb1bfd453e8fd9d199', 96, 5, 'p_user_api_token', '[]', 0, '2021-08-18 00:55:57', '2021-08-18 00:55:57', '2022-08-18 06:25:57'),
('1ab7904c2fe1fb8ae80e9f4581c8205cc310b7907aeb0ec55402ca05f99f7b48de00264ad7bed95d', 96, 5, 'p_user_api_token', '[]', 0, '2021-08-21 01:30:50', '2021-08-21 01:30:50', '2022-08-21 07:00:50'),
('1ed0055ca7494ce75f562387792198338b3318d442becde9394ea8b51d0486ddaea6984624bd6acf', 104, 9, 'p_user_api_token', '[]', 0, '2022-03-09 04:56:49', '2022-03-09 04:56:49', '2023-03-09 10:26:49'),
('1f5a2fac054a9755f1fd2aa87f1dd55e024a8658870e1d76ae61d864926947bf91c7a12087b029d7', 68, 1, 'p_user_api_token', '[]', 0, '2020-07-14 13:57:25', '2020-07-14 13:57:25', '2021-07-14 13:57:25'),
('1fe58e44d55f7a14bbe8a707072349bb90721925571b85d15f27a1b7c4aebf26b6c7f505f6c0d80f', 6, 1, 'p_user_api_token', '[]', 0, '2020-03-23 09:52:41', '2020-03-23 09:52:41', '2021-03-23 09:52:41'),
('215377069052f3c5ec92ccf9702079a8f7339a3af96ae77fb91e14895f097dc3f6f0a105e7ffdb97', 3, 1, 'p_user_api_token', '[]', 0, '2020-03-05 11:05:40', '2020-03-05 11:05:40', '2021-03-05 11:05:40'),
('224de255970eabbe0cff00c560da4945bc88a60861457c947ac8ec0b83f704353b4e222fcead09bb', 96, 5, 'p_user_api_token', '[]', 0, '2021-08-04 23:24:43', '2021-08-04 23:24:43', '2022-08-05 04:54:43'),
('23269c6cdae433f334280d4669e3b41ef8e3a3ef924ccb9ca228be91cd873b904e4ab78ebb7c662a', 105, 9, 'p_user_api_token', '[]', 0, '2022-03-11 01:42:25', '2022-03-11 01:42:25', '2023-03-11 07:12:25'),
('23e4c359880c23f87ce4af3d7fe66e0f582ea10b772a2f5795161773915a58e8fc348650c9cec319', 20, 1, 'p_user_api_token', '[]', 0, '2020-02-17 10:02:29', '2020-02-17 10:02:29', '2021-02-17 10:02:29'),
('247f7f25a094c28772513ecfcd7c002756c03b802da59823ce372034943103b526a0914a99a9069b', 67, 1, 'p_user_api_token', '[]', 0, '2020-07-13 14:43:23', '2020-07-13 14:43:23', '2021-07-13 14:43:23'),
('264850bd1bcdfc6b637e9dfef176190a014a5123448611a39326977c852b8754297669581c32b924', 20, 1, 'p_user_api_token', '[]', 0, '2020-02-18 11:03:39', '2020-02-18 11:03:39', '2021-02-18 11:03:39'),
('27651953c66303e95c88cfd8b11173108f3f48bc1b435ee423b085bbd453d5069170f3d89eb24012', 3, 1, 'p_user_api_token', '[]', 0, '2020-03-05 11:13:11', '2020-03-05 11:13:11', '2021-03-05 11:13:11'),
('277a32c2819deb0d873d6e77b0dd68fa647fdc3f03c6f354a7205c79b62cb079f4f46db18c122cd5', 78, 1, 'p_user_api_token', '[]', 0, '2020-07-29 14:47:46', '2020-07-29 14:47:46', '2021-07-29 14:47:46'),
('277b5c12eb23f1d6d17d2c0c61567b8ef03060b98ff5fc85151f8eadbf4e2d8b271d0a97fbefe504', 107, 9, 'p_user_api_token', '[]', 0, '2022-03-31 07:25:51', '2022-03-31 07:25:51', '2023-03-31 12:55:51'),
('28e837a3b5ac847b54e219d91b9b1f1df19e0c2da53d997d22d584bbbb13cee0ae02346b87a254ef', 41, 1, 'p_user_api_token', '[]', 0, '2020-06-01 05:47:44', '2020-06-01 05:47:44', '2021-06-01 05:47:44'),
('290b69229c06ccebd96b2c4cca1f250683b4cb0f502f2fde1fa97999e3016b32d744dcea5cd727cf', 95, 5, 'p_user_api_token', '[]', 0, '2021-07-23 01:56:00', '2021-07-23 01:56:00', '2022-07-23 07:26:00'),
('2a86da6047ca33b0fb3150e20c23aa5729f1cc0e2f5a75c660fcdb6e72520431e7d30750e15d6c4b', 104, 9, 'p_user_api_token', '[]', 0, '2022-03-09 05:13:35', '2022-03-09 05:13:35', '2023-03-09 10:43:35'),
('2c732186cb25a11cc0b21f758a133f1081d969e62a6cd4471239c0c6fe655a91fc405a2bc21418cb', 83, 1, 'p_user_api_token', '[]', 0, '2020-08-14 13:34:48', '2020-08-14 13:34:48', '2021-08-14 13:34:48'),
('2dfcc4f580cc2310a925f7ed9d97f4d83698dd543e3c7fc1da0911dca94ec98386be01fefc68ea6d', 20, 1, 'p_user_api_token', '[]', 0, '2020-02-12 11:18:19', '2020-02-12 11:18:19', '2021-02-12 11:18:19'),
('3071e434f5a17c6beb9dcd4b8cc6644011099fc4ffa10cf366a6f848f0346f284e203ffbb5879b15', 3, 1, 'p_user_api_token', '[]', 0, '2020-02-21 12:57:26', '2020-02-21 12:57:26', '2021-02-21 12:57:26'),
('329988b4a55beb672038413957ecb26dcee821120868cc0c1558c30ea07e95b239589790071404f4', 104, 9, 'p_user_api_token', '[]', 0, '2022-03-09 05:53:53', '2022-03-09 05:53:53', '2023-03-09 11:23:53'),
('32d387388e7a3a3b410b7121d826a62731ae822ace9f5510084c9406016226753e219024e3e3af02', 66, 1, 'p_user_api_token', '[]', 0, '2020-07-10 18:43:15', '2020-07-10 18:43:15', '2021-07-10 18:43:15'),
('32ef4eb908ed0ab0c73dfdb1661ef6abd72b7f2a78f598ba08c1f4fd9645258849927c81128b7e49', 35, 1, 'p_user_api_token', '[]', 0, '2020-05-20 08:57:53', '2020-05-20 08:57:53', '2021-05-20 08:57:53'),
('34886316b68207184f2ab6fd17d79ea377e1a833269b525f735c9ae0311939d48b121069fe92bba7', 51, 1, 'p_user_api_token', '[]', 0, '2020-06-24 08:42:28', '2020-06-24 08:42:28', '2021-06-24 08:42:28'),
('35ebe5a9d567927ad3b9d11f25dc405f1f7460f421a3191f9303d2f8c9c1be3cdbcb2648cbed8f3c', 67, 1, 'p_user_api_token', '[]', 0, '2020-07-13 15:03:10', '2020-07-13 15:03:10', '2021-07-13 15:03:10'),
('36038b9290bb4c991fd06128a4c6cd3401945c9a368fabd5561b46772b2b462f33a44f49ca5fc1cc', 92, 3, 'p_user_api_token', '[]', 0, '2021-03-18 01:12:01', '2021-03-18 01:12:01', '2022-03-18 06:42:01'),
('36692631e278d14bfe0724567e823421082f6e2fa4545578cec2395e2774fa7e203fa106f432cc88', 98, 5, 'p_user_api_token', '[]', 0, '2021-08-05 00:45:16', '2021-08-05 00:45:16', '2022-08-05 06:15:16'),
('36ded6a62189aa98bd7ecb352d28bbe6edac6050c22e635b8a1d100047c03a0f3077e13332a54529', 91, 1, 'p_user_api_token', '[]', 0, '2020-11-03 12:52:44', '2020-11-03 12:52:44', '2021-11-03 12:52:44'),
('370351872b984f39e346c94da21637e4b11cf80d5158594417d9330d96d378a732c1833aae3c9614', 55, 1, 'p_user_api_token', '[]', 0, '2020-06-29 13:55:06', '2020-06-29 13:55:06', '2021-06-29 13:55:06'),
('375f09ab56d5f03cd4cff629fa988b4dfee2bed86b0056a6f729f796c25abe64e7a067c1437fc4eb', 86, 1, 'p_user_api_token', '[]', 0, '2020-08-24 10:08:37', '2020-08-24 10:08:37', '2021-08-24 10:08:37'),
('396f3a1e1381d2c5d78a45b41702f5b39d66173cdb1c491f6ea8da8d6ed79aa5bcee5b0ba1e73dc9', 107, 9, 'p_user_api_token', '[]', 0, '2022-03-12 04:04:07', '2022-03-12 04:04:07', '2023-03-12 09:34:07'),
('39fb52964526b3642fac2e3354c642d0a0f448cbb0952888b75575f0a44cc1f714afc4e26a010fb7', 42, 1, 'p_user_api_token', '[]', 0, '2020-06-09 09:15:40', '2020-06-09 09:15:40', '2021-06-09 09:15:40'),
('3a4dfb71e2c4fb7180845fcf20e3e84284c4af427f3beb2b2b92ea58c369f520f50e968d5efd34de', 3, 1, 'p_user_api_token', '[]', 0, '2020-02-21 12:56:44', '2020-02-21 12:56:44', '2021-02-21 12:56:44'),
('3bd94a31ba3829151f081a4aeafaaf66f481ea2e3cbbcad0981dedd4d5a89df90769b08b5daa470e', 104, 9, 'p_user_api_token', '[]', 0, '2022-03-09 23:41:00', '2022-03-09 23:41:00', '2023-03-10 05:11:00'),
('3be3c3982d484f4493cf51ded77f5e1bc118e4267ff1338722ae6f460525d5331b2c9ee57b1ed1a5', 93, 3, 'p_user_api_token', '[]', 0, '2020-11-06 09:29:35', '2020-11-06 09:29:35', '2021-11-06 09:29:35'),
('3e5f75552f4e09f2e91a324cdde9f93e1fa5a1d93219518349e234c8f4b735d879b7af792810968e', 68, 1, 'p_user_api_token', '[]', 0, '2020-07-14 13:45:32', '2020-07-14 13:45:32', '2021-07-14 13:45:32'),
('3e7aa14b029fb3f5eb060886b7d8ae66b16f3950062048763175c31229ce05742077b1162e39d594', 48, 1, 'p_user_api_token', '[]', 0, '2020-06-19 12:17:59', '2020-06-19 12:17:59', '2021-06-19 12:17:59'),
('3ec50f7faeb6f4a92317345bacf1d872759835b969b0b1d2185a8bafb4a7262fcb47258480a71f50', 66, 1, 'p_user_api_token', '[]', 0, '2020-07-10 19:14:44', '2020-07-10 19:14:44', '2021-07-10 19:14:44'),
('3f0575164696599e3b82fa08ffde77d9f5456485c2a4e94aab720171b4ed1f0bcf590eae29e4a610', 104, 9, 'p_user_api_token', '[]', 0, '2022-03-10 04:12:26', '2022-03-10 04:12:26', '2023-03-10 09:42:26'),
('40e8e32d856011f9ca56b60e2662edc28e621fc614a26a7dcc6bb9cee5e4c5cee787b737ec886b6c', 107, 9, 'p_user_api_token', '[]', 0, '2022-03-31 05:18:09', '2022-03-31 05:18:09', '2023-03-31 10:48:09'),
('41b2cd609684ce0b8ad4bdd837374597c8dfa5f1ab49737406a266e96ea00e6b79fcaffb24a6e211', 43, 1, 'p_user_api_token', '[]', 0, '2020-06-10 13:09:01', '2020-06-10 13:09:01', '2021-06-10 13:09:01'),
('44f514a6033da564f2977ca2314037839535b49db85d74dd614505c80a78fed738fe46dc9e7b0e81', 96, 5, 'p_user_api_token', '[]', 0, '2021-08-16 00:56:02', '2021-08-16 00:56:02', '2022-08-16 06:26:02'),
('44f71ad61c60b2c436458eb162b35153ac2aba115bc9b14371c88f54ab28cd3b8c6dddd9bd230d6d', 107, 9, 'p_user_api_token', '[]', 0, '2022-03-31 06:43:41', '2022-03-31 06:43:41', '2023-03-31 12:13:41'),
('45d298cd97b91f7994e792cc817052fc27d2da8a0735ae134d8d609d26540a30fd3e7116c396e117', 107, 9, 'p_user_api_token', '[]', 0, '2022-03-31 06:09:51', '2022-03-31 06:09:51', '2023-03-31 11:39:51'),
('475082c93451efe4a5cd29d9e258f950fd4b5e80ed19b18b89b9f3c837cd74f7cb67c37d9d249239', 55, 1, 'p_user_api_token', '[]', 0, '2020-06-29 12:18:01', '2020-06-29 12:18:01', '2021-06-29 12:18:01'),
('477b08eed68f86955f56e1cfe4fc977d619f5f1c7398190afa5933f9702c29285d9cbf79ff9c4947', 82, 1, 'p_user_api_token', '[]', 0, '2020-08-08 10:55:51', '2020-08-08 10:55:51', '2021-08-08 10:55:51'),
('4bca044fb4727ee254f36e902e17e46e3a459adf424c17c2c877cdb266ef3121f26b74b72e7f7227', 104, 9, 'p_user_api_token', '[]', 0, '2022-03-09 23:45:27', '2022-03-09 23:45:27', '2023-03-10 05:15:27'),
('4f11b2f186a641dce527511932e1cb54013433a25f356ff6b2ffd0c7a9e5e67eb418b7037b0e5990', 3, 1, 'p_user_api_token', '[]', 0, '2020-03-05 11:53:27', '2020-03-05 11:53:27', '2021-03-05 11:53:27'),
('51031edde24f11dc6e69aad5c5542aa9d5b78fdc9a1cc41ce077daacd31fada41a971945cbf77f9b', 107, 9, 'p_user_api_token', '[]', 0, '2022-03-31 06:46:34', '2022-03-31 06:46:34', '2023-03-31 12:16:34'),
('5205a12c4a193070141c1e66504f0e0c56ccfd746bbc24f23d377f26e1969cffcf54370070dc00e6', 56, 1, 'p_user_api_token', '[]', 0, '2020-06-30 07:02:25', '2020-06-30 07:02:25', '2021-06-30 07:02:25'),
('524a76b77d3b037566e1f0cca18bbb911ca42349ca563bde205fb238f43649a6e471c24b8fdedd5a', 42, 1, 'p_user_api_token', '[]', 0, '2020-06-09 10:01:48', '2020-06-09 10:01:48', '2021-06-09 10:01:48'),
('55abd9340e66423f0c3ec1115fe6d4fed6665a48fb7d12b79d8df3168f4db84f310686c33298fe5c', 92, 3, 'p_user_api_token', '[]', 0, '2021-03-18 01:07:37', '2021-03-18 01:07:37', '2022-03-18 06:37:37'),
('55c0b6953ca956db8a40ff9eec385b5af0604b8f19b7f32ba33e8dd1f1051de72bf48b484cc4eee1', 34, 1, 'p_user_api_token', '[]', 0, '2020-05-19 10:20:44', '2020-05-19 10:20:44', '2021-05-19 10:20:44'),
('5866768c0a1020b52bc12998500c570521b61d1aba38e0ac36e29cb3c6723173818921fb19e8e6f7', 106, 9, 'p_user_api_token', '[]', 0, '2022-03-11 05:38:14', '2022-03-11 05:38:14', '2023-03-11 11:08:14'),
('5982cfb2b1175e18ff53565c71168a327866978d17378bca7d7098442a1a843b019a096613eba073', 92, 3, 'p_user_api_token', '[]', 0, '2021-03-18 01:03:25', '2021-03-18 01:03:25', '2022-03-18 06:33:25'),
('5bbbb12eb64bb46f9957555909bc85affe8fde1173416ac9f166ceeb52d687deebb64b15794b09af', 104, 9, 'p_user_api_token', '[]', 0, '2022-03-10 03:58:43', '2022-03-10 03:58:43', '2023-03-10 09:28:43'),
('5c9d7bffa55cf17fd96d1854bdd7721b3077a7fafd8d6426953fc9a670e5b879f60d860bb8e29bbf', 3, 1, 'p_user_api_token', '[]', 0, '2020-02-21 12:57:36', '2020-02-21 12:57:36', '2021-02-21 12:57:36'),
('5dd84e59679558154d4c49137305f4885d908a45e881bc058db18fc821a3c59a57c57e9c402d3888', 92, 3, 'p_user_api_token', '[]', 0, '2021-03-18 01:02:43', '2021-03-18 01:02:43', '2022-03-18 06:32:43'),
('5e6c27d3f033fbb497c004b1ecac4c3fee3db2b4906ce97e448243ae27bc4569a532455ee1872a5c', 96, 5, 'p_user_api_token', '[]', 0, '2021-08-17 23:55:08', '2021-08-17 23:55:08', '2022-08-18 05:25:08'),
('5eac9e11423b56c141bbefd144b2f83d5cd1fe490a960e0a5d52af843faedaa152aee76b48bfe93f', 3, 1, 'p_user_api_token', '[]', 0, '2020-03-05 10:33:47', '2020-03-05 10:33:47', '2021-03-05 10:33:47'),
('609d431c271167d67d9d1d157ea3bf213568885981ab8cab970edc4c9cc937bbe6eab8a16df96ee0', 43, 1, 'p_user_api_token', '[]', 0, '2020-06-10 13:00:19', '2020-06-10 13:00:19', '2021-06-10 13:00:19'),
('60e50b01b103cff2c1fad0085fd384efe27bc0b26dbf241cf55719adba3041ef25a0c64d8ddbd0e5', 28, 1, 'p_user_api_token', '[]', 0, '2020-04-13 10:58:46', '2020-04-13 10:58:46', '2021-04-13 10:58:46'),
('62021f9568e4c7f01379f979de7c468fcbfe7b6153ee23b2cf1506b083aa3ef7ad443ef355427ae8', 41, 1, 'p_user_api_token', '[]', 0, '2020-06-01 05:29:18', '2020-06-01 05:29:18', '2021-06-01 05:29:18'),
('620bc896ffa3431f0c17e5dc7844ae3e4de5733a7a1a64d19f7134801d43982ed58623ea4c837325', 104, 9, 'p_user_api_token', '[]', 0, '2022-03-09 23:46:41', '2022-03-09 23:46:41', '2023-03-10 05:16:41'),
('68d56da52cd835085e56a71e0bcbaa098ea147cb9ef3bcabbc5b42c71c48755c777c810e25fc6b66', 24, 1, 'p_user_api_token', '[]', 0, '2020-04-06 13:22:16', '2020-04-06 13:22:16', '2021-04-06 13:22:16'),
('6c31c9788e07036dedcd94e85223c82eec605d690e6c59e7df50a6135f1a6331ebbb02d90512a0e3', 27, 1, 'p_user_api_token', '[]', 0, '2020-04-11 06:44:45', '2020-04-11 06:44:45', '2021-04-11 06:44:45'),
('6e6421f5fb55911c335d8d38539a9b8094f47bfd5c13562161e0cb1bda06d632e8ecd74fca682709', 92, 3, 'p_user_api_token', '[]', 0, '2021-03-18 01:10:18', '2021-03-18 01:10:18', '2022-03-18 06:40:18'),
('6f369bc7b280a368a39c7c397bc38e3b380c82fd0c6e9d481bd46cfcddf87bed5aa7b0979f221ef2', 104, 9, 'p_user_api_token', '[]', 0, '2022-03-10 04:03:41', '2022-03-10 04:03:41', '2023-03-10 09:33:41'),
('700b8991be91256e36989ea6e4509526b0c20af7c0bad46b7cabf9c7af7ddcab46d31207b5f4ff6d', 92, 3, 'p_user_api_token', '[]', 0, '2021-03-18 01:04:19', '2021-03-18 01:04:19', '2022-03-18 06:34:19'),
('71fe51ad6eeb89cba110e4d7143d47be7ae291f6e9cdd3c47954fa30a5e358f8e4b02e840ac0fbb6', 35, 1, 'p_user_api_token', '[]', 0, '2020-05-20 08:41:56', '2020-05-20 08:41:56', '2021-05-20 08:41:56'),
('72919610f07fba902f2b6440f410794da7dc025467db9fafe335936eb5cfd1a1bf3d1f0edab4ec97', 37, 1, 'p_user_api_token', '[]', 0, '2020-05-23 05:02:59', '2020-05-23 05:02:59', '2021-05-23 05:02:59'),
('735729e0fbafc7aab972ee26710c57a99a9221ff3bd65051cb25b9b437df3c5c87634498627338db', 104, 9, 'p_user_api_token', '[]', 0, '2022-03-10 03:54:46', '2022-03-10 03:54:46', '2023-03-10 09:24:46'),
('73b3d6950b304ec48808b129634986382b0056fe4e5cda06685f1d131b0ac522fcef9ff19987eb60', 59, 1, 'p_user_api_token', '[]', 0, '2020-07-06 11:36:55', '2020-07-06 11:36:55', '2021-07-06 11:36:55'),
('765ab22d5ae3bd592a091cc5079e5581ce3aeeab916bbf4dc8f48ef640e3efb6792aa0efe1443913', 91, 1, 'p_user_api_token', '[]', 0, '2020-11-03 12:23:51', '2020-11-03 12:23:51', '2021-11-03 12:23:51'),
('77aca13ccbb2a356b911ef6fe178a4fc53a30b95afc2326469066026b8ac5750d49a811c1fd8964a', 106, 9, 'p_user_api_token', '[]', 0, '2022-03-11 05:37:58', '2022-03-11 05:37:58', '2023-03-11 11:07:58'),
('78874edcf5574cb9c6b8c6d4adca9c4274b6a0525fcc076616d62f738ecea8151cd605a9463c98d6', 107, 9, 'p_user_api_token', '[]', 0, '2022-03-31 07:16:36', '2022-03-31 07:16:36', '2023-03-31 12:46:36'),
('78f700d3c73a4eb60321024dd3bc9a453f6b15ea336c673732ea2aad78928daef546e275c7db0ba4', 13, 1, 'p_user_api_token', '[]', 0, '2020-04-03 06:08:33', '2020-04-03 06:08:33', '2021-04-03 06:08:33'),
('7a05e88a45898493e7d726c8744c06772f8c89c58e6afc6733d740a1323ca7555f2812d4933dea6a', 77, 1, 'p_user_api_token', '[]', 0, '2020-07-28 12:29:26', '2020-07-28 12:29:26', '2021-07-28 12:29:26'),
('7afd16661a18c96d39dde5703531aba3dfdfa663d843e2145127418ef8d7db7751205fde8c212d7b', 83, 1, 'p_user_api_token', '[]', 0, '2020-08-14 13:28:52', '2020-08-14 13:28:52', '2021-08-14 13:28:52'),
('7d9149d78764cf71d44df27b59404d9cb620c7ccd3b266a3ad5c6d19ec422a78d0335ce57f999a73', 66, 1, 'p_user_api_token', '[]', 0, '2020-07-10 18:18:06', '2020-07-10 18:18:06', '2021-07-10 18:18:06'),
('7dfd7bf0057cd9a1ddba096d8c39121c1c13eeef6ea86542a8dd3936fa34c5289ab4dc3f0713a9c0', 107, 9, 'p_user_api_token', '[]', 0, '2022-03-31 07:27:23', '2022-03-31 07:27:23', '2023-03-31 12:57:23'),
('7e36df1e53413a67bdfb60c79cf913be89ca2a62de73bda3cc5ff52f611e23f8d9b028ff6cf9e46c', 104, 9, 'p_user_api_token', '[]', 0, '2022-03-10 03:51:13', '2022-03-10 03:51:13', '2023-03-10 09:21:13'),
('7e6de3f87fe9ee099d2a04a909ca9be6d9429db522b35707778c5d49ce79fffb5eba70764541c5a8', 34, 1, 'p_user_api_token', '[]', 0, '2020-05-19 10:19:47', '2020-05-19 10:19:47', '2021-05-19 10:19:47'),
('7ef3b993f1375b51a0b1a5596f84360fa430e30f2738cca11e96404ed311fdf6100c01997f61baaf', 55, 1, 'p_user_api_token', '[]', 0, '2020-06-29 13:53:49', '2020-06-29 13:53:49', '2021-06-29 13:53:49'),
('80593f037c2c23f87c314a3131c1609c9502ad0535fc4faeb2b97223de976ebae810e48627f98c35', 46, 1, 'p_user_api_token', '[]', 0, '2020-06-11 09:43:04', '2020-06-11 09:43:04', '2021-06-11 09:43:04'),
('80a78c7b712d8c8cf7780da81a2c12d9cd96e8f8945ef44490cf3161d81b738425073ed3c2392e62', 104, 9, 'p_user_api_token', '[]', 0, '2022-03-10 04:02:12', '2022-03-10 04:02:12', '2023-03-10 09:32:12'),
('814adb38a9bbee1140d9455879cdd07b5de65daa5879b2082d15d41e9612d7d74759973b60de7c58', 7, 1, 'p_user_api_token', '[]', 0, '2020-03-30 08:11:09', '2020-03-30 08:11:09', '2021-03-30 08:11:09'),
('82a213044a88aa728e73829f8eba0e0f66a1b6bb10d4c22384becc39f4908598a167fd1c0fb0f3f6', 107, 9, 'p_user_api_token', '[]', 0, '2022-03-12 04:02:28', '2022-03-12 04:02:28', '2023-03-12 09:32:28'),
('840d44b40dc5d35c6391a4597c438232ee85825b102a7eb613f1487cce0943dc3bf8fd1c0237a8de', 92, 3, 'p_user_api_token', '[]', 0, '2021-03-18 01:03:03', '2021-03-18 01:03:03', '2022-03-18 06:33:03'),
('85585b55ca34c516364cf782f79d1d157a7a496209c6b232cb9cac7e9d96cd6cb153e64cd00174aa', 66, 1, 'p_user_api_token', '[]', 0, '2020-07-10 18:54:25', '2020-07-10 18:54:25', '2021-07-10 18:54:25'),
('87372cb1a2606fc2fd21f9a09b34a53ab204ead037f7fc7262227439c46de5ef9602056df98290d2', 96, 5, 'p_user_api_token', '[]', 0, '2021-08-18 00:06:46', '2021-08-18 00:06:46', '2022-08-18 05:36:46'),
('87c13bbbd140977cefa54b9e55070f5c7aadd717fbd9ab486ba91e21dd0d8a4520314716f3fd3a90', 66, 1, 'p_user_api_token', '[]', 0, '2020-07-10 18:49:20', '2020-07-10 18:49:20', '2021-07-10 18:49:20'),
('8bd5073c706b7ab8bfad80c824414f12f1ab3f20eb31a32c70ff36308c36b9373a9cf356b75040ad', 92, 3, 'p_user_api_token', '[]', 0, '2021-05-20 00:56:43', '2021-05-20 00:56:43', '2022-05-20 06:26:43'),
('8bf9cad6e173fcf8fabcb71b40903e2438b5f06bef5ec4614a7ce59249455186953d6721b01a070b', 77, 1, 'p_user_api_token', '[]', 0, '2020-07-28 12:38:19', '2020-07-28 12:38:19', '2021-07-28 12:38:19'),
('8d1d96040e6966215bf843d82cb8e5c6c17aa7b7d187edcab811cb3e2b94a4e32d5f0ecb497470a2', 107, 9, 'p_user_api_token', '[]', 0, '2022-03-12 03:53:21', '2022-03-12 03:53:21', '2023-03-12 09:23:21'),
('8defbc3e0b7c3800a427b8f8caa6d36da22ba3f396622d163677d3de8843945cedda0c65ccaaadf8', 28, 1, 'p_user_api_token', '[]', 0, '2020-04-14 05:46:06', '2020-04-14 05:46:06', '2021-04-14 05:46:06'),
('8f1e5339a83a6fc17cac2a2d76cfe3bf39a88faa23215c9cec38d39e1895b4f8e63dfd569ac0ee0f', 96, 5, 'p_user_api_token', '[]', 0, '2021-08-17 07:28:36', '2021-08-17 07:28:36', '2022-08-17 12:58:36'),
('8f83e562dbf764846f14b8bbd2b183edbcc6e630d2916cc85de639082cc3df67b3a503e9ed434f43', 3, 1, 'p_user_api_token', '[]', 0, '2020-02-20 12:45:33', '2020-02-20 12:45:33', '2021-02-20 12:45:33'),
('8fbcb6a7f30e03b68f2619c26f8cfd93d91de7e2c3771cd9dc5b0dddd42adf5875d0bc47315bf0e6', 55, 1, 'p_user_api_token', '[]', 0, '2020-06-29 13:55:28', '2020-06-29 13:55:28', '2021-06-29 13:55:28'),
('9001e37862eb6302cfd1c9b3dfb2ca48d8aefbb7740f12bb1f401f8ca7bbe09851caf1d7dc5ecb0d', 66, 1, 'p_user_api_token', '[]', 0, '2020-07-10 19:14:37', '2020-07-10 19:14:37', '2021-07-10 19:14:37'),
('919cab107cd35d7ce71a3d1a4d99d952b4da91397ad9bc797fd8498e6bd01818208c2a6d5da40236', 96, 5, 'p_user_api_token', '[]', 0, '2021-08-17 23:11:19', '2021-08-17 23:11:19', '2022-08-18 04:41:19'),
('935cded1eedd59cadffc2eebe9e21ac0df4cb0d3584e79cdfa73ccb2bb2f912db62ab7312c38c8cd', 104, 9, 'p_user_api_token', '[]', 0, '2022-03-10 04:11:29', '2022-03-10 04:11:29', '2023-03-10 09:41:29'),
('95062a5f6701e85dd091a2b7d66d0e4c2d0923b805e33e0f028519c62d866013b9d2b41c2c685b79', 37, 1, 'p_user_api_token', '[]', 0, '2020-05-23 05:01:17', '2020-05-23 05:01:17', '2021-05-23 05:01:17'),
('95f9b26fb36a9149ad9fb0eb27dcdd1229a07b25cc04b2dac08076d52c42ebad918cb5beaf6b5e43', 107, 9, 'p_user_api_token', '[]', 0, '2022-03-12 03:43:58', '2022-03-12 03:43:58', '2023-03-12 09:13:58'),
('984ea7e55e738841482b143d477afb15770c75f69ad18f4597938666ae8624449a4737ae1a593f65', 92, 3, 'p_user_api_token', '[]', 0, '2021-03-18 00:52:04', '2021-03-18 00:52:04', '2022-03-18 06:22:04'),
('9b3cc04fdc08457d467f5b510ee2b74bd6d57814374c9edfec7c2b8da82cd3e1f623749e55933366', 75, 1, 'p_user_api_token', '[]', 0, '2020-07-25 10:44:37', '2020-07-25 10:44:37', '2021-07-25 10:44:37'),
('9bc2ed1bac800208553e13b65b679f40867604ec9452f05f9da9b0bb1a4eee586797b19a36700d0d', 33, 1, 'p_user_api_token', '[]', 0, '2020-05-14 08:12:31', '2020-05-14 08:12:31', '2021-05-14 08:12:31'),
('9d57d45b58c9dea76be8075b73ffc6b25632accc7780d9b2d9a2cc02a11cb495ff2265ea582dd159', 3, 1, 'p_user_api_token', '[]', 0, '2020-02-21 12:56:57', '2020-02-21 12:56:57', '2021-02-21 12:56:57'),
('9e0c6a62df28d1c0d3bf425c29f1df058f5eb37dcdd0155a64ea8c0d3c731e6c2cb6d95566712467', 83, 1, 'p_user_api_token', '[]', 0, '2020-08-14 12:39:59', '2020-08-14 12:39:59', '2021-08-14 12:39:59'),
('9e6b45d814cb10fdceea5b421a54605fbd608d95780e746002e78d7398ea52f707600f9e385eebff', 3, 1, 'p_user_api_token', '[]', 0, '2020-03-05 10:14:46', '2020-03-05 10:14:46', '2021-03-05 10:14:46'),
('9f1e3b551d7ccdf372a079d6490ab4071b625e6fb42474e53644b3221441d289ba93ef80ee5473e6', 6, 1, 'p_user_api_token', '[]', 0, '2020-03-22 08:08:47', '2020-03-22 08:08:47', '2021-03-22 08:08:47'),
('a2ce802585956b2920d902ede457da33af45ac5905e9c109d90e4c2125df57c519752b416e79d425', 107, 9, 'p_user_api_token', '[]', 0, '2022-03-31 06:46:24', '2022-03-31 06:46:24', '2023-03-31 12:16:24'),
('a3fec047de2fba6f4801422b2edfd90d48c3345928ba61809c9a154be9c26b5ff0ff8ca26c111601', 66, 1, 'p_user_api_token', '[]', 0, '2020-07-10 19:30:52', '2020-07-10 19:30:52', '2021-07-10 19:30:52'),
('a6ea5aa8886353605f9958b8d958583c9b40fa059863a9b2f58469bea33ddc8abf9cb49017916ae2', 3, 1, 'p_user_api_token', '[]', 0, '2020-03-05 10:36:27', '2020-03-05 10:36:27', '2021-03-05 10:36:27'),
('a7e62f2021b77d11b7883e35eb2396d530cd54018f01e53319d0c5402dd9bce6c6475e04609bd139', 107, 9, 'p_user_api_token', '[]', 0, '2022-03-31 06:34:17', '2022-03-31 06:34:17', '2023-03-31 12:04:17'),
('a826318dd19147fd63f3038b42c06c384685cf32dff53f288dc588f3fccbec2d99fee79257baac35', 92, 3, 'p_user_api_token', '[]', 0, '2021-03-18 01:05:38', '2021-03-18 01:05:38', '2022-03-18 06:35:38'),
('a8d35e35535bd3569328acf25933a5854985f8cba72fe1788f8c72fa8ab7ac410a9c048e07e8ee52', 67, 1, 'p_user_api_token', '[]', 0, '2020-07-13 14:54:33', '2020-07-13 14:54:33', '2021-07-13 14:54:33'),
('a9be237fde21b11a8470c96212733d07e1059e57f43339f38487ea9b16f2990b7293486ac78db3dc', 5, 1, 'p_user_api_token', '[]', 0, '2020-03-21 09:09:56', '2020-03-21 09:09:56', '2021-03-21 09:09:56'),
('aaa1c286344bbf1f77cc3a6c0c1b3466f84fe2a809fac62769a5020cc379e3505756aad9c99bf3cb', 2, 1, 'p_user_api_token', '[]', 0, '2020-03-20 13:17:14', '2020-03-20 13:17:14', '2021-03-20 13:17:14'),
('ac8b4d1f2271a3211e10d25366076b15a133001c45a269e1b922e26ee0c964423ce7796939f3459e', 96, 5, 'p_user_api_token', '[]', 0, '2021-08-17 23:29:50', '2021-08-17 23:29:50', '2022-08-18 04:59:50'),
('adbc73ebaf23ae782441780e5ae8ac83f3401c55798d7896155fc0fba44ec981be63f6630ebdb0af', 1, 1, 'p_user_api_token', '[]', 0, '2020-03-19 12:18:21', '2020-03-19 12:18:21', '2021-03-19 12:18:21'),
('ae4da83769dd16c02f87c48f6c97044bfe5fd0560010ee0b13522b581034663df197d15316c9b13d', 20, 1, 'p_user_api_token', '[]', 0, '2020-02-18 11:38:14', '2020-02-18 11:38:14', '2021-02-18 11:38:14'),
('b53cec55fb304bef95c7eda65bcf466ae1fc7a679f26a2ba703237de553985e76746f6deff5ebd82', 107, 9, 'p_user_api_token', '[]', 0, '2022-03-31 07:09:20', '2022-03-31 07:09:20', '2023-03-31 12:39:20'),
('b614fac829f910e284f6b2fac7a19918670b4d53888c79eaba81ecce44c91d1655d638de4e39ae2f', 20, 1, 'p_user_api_token', '[]', 0, '2020-02-18 11:38:11', '2020-02-18 11:38:11', '2021-02-18 11:38:11'),
('b667a08ea15f89b0a519709535498f9df975c4d7a393e3ca2f08ffc1014c284e865fafa0b641c143', 6, 1, 'p_user_api_token', '[]', 0, '2020-03-23 05:53:29', '2020-03-23 05:53:29', '2021-03-23 05:53:29'),
('b811e21ddd899cd3f84c024e5d4442d0116d2f75b2cc2149e5a794d888a67572072e742ed973f1be', 93, 3, 'p_user_api_token', '[]', 0, '2021-03-19 04:43:02', '2021-03-19 04:43:02', '2022-03-19 10:13:02'),
('b96f604cb52cc535bf7ec71d5940ef7c6d86c73e7e0feb17785c2c704c7f82ab36ed0e3b25debea8', 104, 9, 'p_user_api_token', '[]', 0, '2022-03-10 04:05:38', '2022-03-10 04:05:38', '2023-03-10 09:35:38'),
('ba13587e8692ed7c1322862cd0f70ba1d6b951264629b12d695ba1cb8ac35c5c4cd49af6c6f16d4b', 86, 1, 'p_user_api_token', '[]', 0, '2020-08-24 10:19:29', '2020-08-24 10:19:29', '2021-08-24 10:19:29'),
('ba9de4c578a8d4c48e2847d87c330f122c45db0d232c6ffe152a39d9ef52fb828dc70eb16655acdc', 21, 1, 'p_user_api_token', '[]', 0, '2020-02-13 11:19:17', '2020-02-13 11:19:17', '2021-02-13 11:19:17'),
('bbd3084f88ad02c59de38f0b2fad50b5cbe7582693a55570b02f9b026937e51fcac63701bd29780d', 55, 1, 'p_user_api_token', '[]', 0, '2020-06-29 13:54:59', '2020-06-29 13:54:59', '2021-06-29 13:54:59'),
('bc4879cfd65d193381a5facefb4fe4eaf60b88cb2d85655333c24ea8a91785bfc6aabe949b845d91', 107, 9, 'p_user_api_token', '[]', 0, '2022-03-14 23:21:07', '2022-03-14 23:21:07', '2023-03-15 04:51:07'),
('bcb1b6a3e529fa2c0f742a01218cc3af9b435691afb5332c6d417f9208df49f46a60abc976c1235b', 24, 1, 'p_user_api_token', '[]', 0, '2020-04-06 13:09:16', '2020-04-06 13:09:16', '2021-04-06 13:09:16'),
('bd188299eeb982d03477b8093a5fa3222a8de08b2903d244689fe75851299cdeb3eadf37e25b5ecd', 40, 1, 'p_user_api_token', '[]', 0, '2020-05-30 10:57:20', '2020-05-30 10:57:20', '2021-05-30 10:57:20'),
('bee21c4b2e4a883faec000f0652bcf7489f9f3e7995583673cc92b0be68c559cce855b34a56dddc7', 76, 1, 'p_user_api_token', '[]', 0, '2020-07-27 06:03:35', '2020-07-27 06:03:35', '2021-07-27 06:03:35'),
('bfb759b53582c87da7a0b8b7273ac42d8cb4e65eea4e5cc849eff3911025ed9bac8827a6eb9efdc4', 104, 9, 'p_user_api_token', '[]', 0, '2022-03-10 04:05:00', '2022-03-10 04:05:00', '2023-03-10 09:35:00'),
('c0e5d296f93c0153f8e0343a0a8d03e85c6fdc61802336fe1a0796adcf28f75e4ebdf2983928c216', 96, 5, 'p_user_api_token', '[]', 0, '2021-08-17 23:57:26', '2021-08-17 23:57:26', '2022-08-18 05:27:26'),
('c361800ac7ba753a840b9ebc0a4a25ca04b70ca020ad024203cefd92fefb5e4c9c49e9ef23878f60', 46, 1, 'p_user_api_token', '[]', 0, '2020-06-11 09:42:50', '2020-06-11 09:42:50', '2021-06-11 09:42:50'),
('c4c1b5a1bc48d9c4e4176a698ea7226a49306b1edb33e9a69f588c59d28087797215bc9a0119bc6f', 104, 9, 'p_user_api_token', '[]', 0, '2022-03-10 00:39:34', '2022-03-10 00:39:34', '2023-03-10 06:09:34'),
('c67db35a698730a96f7b410c1e7a652259344d28f16da00ef2542deb10194a8b6d0d3329064c6243', 27, 1, 'p_user_api_token', '[]', 0, '2020-04-11 04:45:25', '2020-04-11 04:45:25', '2021-04-11 04:45:25'),
('c8c0b81fb16017d4958028081a8af19523b67aff9b89344f121e25294f69fca8a95518f2a130673f', 23, 1, 'p_user_api_token', '[]', 0, '2020-04-06 13:05:08', '2020-04-06 13:05:08', '2021-04-06 13:05:08'),
('c8c6c04ac972a318d3f1050e59210d267f16e1776159c36407f139ad573c213d0db0d2974e963f86', 105, 9, 'p_user_api_token', '[]', 0, '2022-03-11 01:39:33', '2022-03-11 01:39:33', '2023-03-11 07:09:33'),
('ca0ffead17e5f17a6e11a713e84e99c5b856990e9ea402ef24187c31d52b2f9e15aa9a3acd280f2d', 24, 1, 'p_user_api_token', '[]', 0, '2020-04-06 13:08:09', '2020-04-06 13:08:09', '2021-04-06 13:08:09'),
('ca1453c14f0f5ef13ca3a1dbb430e40a72e80df2eaafd2fad283b61db9bbf5fd61ac2ca0d9542387', 6, 1, 'p_user_api_token', '[]', 0, '2020-03-22 07:59:40', '2020-03-22 07:59:40', '2021-03-22 07:59:40'),
('cca5ed28dad9733b690a781f7b1b6d15bd50b331eb594e15ed0a8ca72602f8bb4cd761bf0957b3e2', 104, 9, 'p_user_api_token', '[]', 0, '2022-03-09 05:34:57', '2022-03-09 05:34:57', '2023-03-09 11:04:57'),
('cd15908d3571274b4cc16591d413f89476bd2ae7f975e15f1ba1e92c9ecf5aba6ecf09e68b2d4853', 3, 1, 'p_user_api_token', '[]', 0, '2020-03-05 10:25:15', '2020-03-05 10:25:15', '2021-03-05 10:25:15'),
('cd3153d36af7b93c039c90cef284f470df36893693f2761beb6ce823466a59826e7b75da901521a4', 3, 1, 'p_user_api_token', '[]', 0, '2020-03-05 11:01:31', '2020-03-05 11:01:31', '2021-03-05 11:01:31'),
('cd45261f9ffee6152c05f7f5a0847f516a7ee4432b958d85994975e6ce6b06a70451b43924a18897', 77, 1, 'p_user_api_token', '[]', 0, '2020-07-28 12:16:14', '2020-07-28 12:16:14', '2021-07-28 12:16:14'),
('cdf78d4966467b13433ae19aa7d3e2da39bb6a67826aa674eb62cbcd029eb0add5d7e47055862efc', 104, 9, 'p_user_api_token', '[]', 0, '2022-03-09 23:47:06', '2022-03-09 23:47:06', '2023-03-10 05:17:06'),
('ce22cb9c9d4c6a32160d33b95b15429fa0796095251eb6320846e5e8bdd1215c5877e5291817f1a1', 107, 9, 'p_user_api_token', '[]', 0, '2022-03-31 06:38:58', '2022-03-31 06:38:58', '2023-03-31 12:08:58'),
('ce93fd31a53e0e458bf962dfd30c16af9e51cf4fec2211c48dc9157ad9f3c02f2569bcf0c3dd2dd5', 107, 9, 'p_user_api_token', '[]', 0, '2022-03-31 06:46:29', '2022-03-31 06:46:29', '2023-03-31 12:16:29'),
('cf820548e5dceed839c931231f75bb56783cf2ca188252bf9c0c17c6c26674f91bf5327854e123d6', 104, 9, 'p_user_api_token', '[]', 0, '2022-03-09 05:35:16', '2022-03-09 05:35:16', '2023-03-09 11:05:16'),
('d162b2c24804703cc9349e1aecea3cf63daa9ddf923bffafa1004577b3548970f651580879578009', 104, 9, 'p_user_api_token', '[]', 0, '2022-03-10 04:03:32', '2022-03-10 04:03:32', '2023-03-10 09:33:32'),
('d19f84340bd3b7253ca82eddabb311d84ed9842cc8812fe7326cd3f9511835533785039aa37ab695', 28, 1, 'p_user_api_token', '[]', 0, '2020-04-14 05:57:08', '2020-04-14 05:57:08', '2021-04-14 05:57:08'),
('d35f79cd12a213e0b681d02ac8f1e8fa8c418ea8233aca15be7d942647ff5ba1d22fb003fe4d130f', 66, 1, 'p_user_api_token', '[]', 0, '2020-07-10 18:30:44', '2020-07-10 18:30:44', '2021-07-10 18:30:44'),
('d42448051a82dda3a0ff385c01f1f946479260acd0cb5ea3ed3e9fcad17ea5219683a0621db38af9', 9, 1, 'p_user_api_token', '[]', 0, '2020-02-07 06:05:11', '2020-02-07 06:05:11', '2021-02-07 06:05:11'),
('d53507f656ed4cc365ff34fcba7480836b2d92814587c2193e3846c59ff62649fdea6125f417c2bd', 2, 1, 'p_user_api_token', '[]', 0, '2020-03-20 13:17:36', '2020-03-20 13:17:36', '2021-03-20 13:17:36'),
('d5c3b34a897e92cab8424ef1cfd7d21d275d22a4b75fdbe638817a3e9f2ee0bb60b4c3b3839a27e7', 107, 9, 'p_user_api_token', '[]', 0, '2022-03-31 06:30:30', '2022-03-31 06:30:30', '2023-03-31 12:00:30'),
('d912e67a30cb4af717cbf1b50bd4860ffa2231fb49001661e60e248f26f1aa16f10e2556cddd7265', 46, 1, 'p_user_api_token', '[]', 0, '2020-06-11 09:40:45', '2020-06-11 09:40:45', '2021-06-11 09:40:45'),
('dcb88b294b38bdf4ceaff42847cb8c429ba6a02b583b11406f886e93ca7fb525db372f1405dda626', 24, 1, 'p_user_api_token', '[]', 0, '2020-04-06 13:08:34', '2020-04-06 13:08:34', '2021-04-06 13:08:34'),
('dd7ad07899ff89e31ec983bef73b8291874af3931850d2f9ef8dd323e261cbc0a7723ec9ce0c825f', 88, 1, 'p_user_api_token', '[]', 0, '2020-10-06 12:59:09', '2020-10-06 12:59:09', '2021-10-06 12:59:09'),
('df52a4edbc6b9ccf1f185b55ac620b39eef42ad74c1d4bac5a02299ac71c1d53470ad73ec6c4c0d3', 107, 9, 'p_user_api_token', '[]', 0, '2022-03-31 05:18:36', '2022-03-31 05:18:36', '2023-03-31 10:48:36'),
('dfb7038082397507e813c287ac5e11088af2ed760f08115e7d3e8ee4c0d8ab926f941b393060d4ed', 66, 1, 'p_user_api_token', '[]', 0, '2020-07-10 18:42:57', '2020-07-10 18:42:57', '2021-07-10 18:42:57'),
('e245f01b1ee6e25dc4fd7f13d86f40831ec69e73a01d2c9d0417c8fedaa8ad47937aa430f37c0c2f', 96, 5, 'p_user_api_token', '[]', 0, '2021-08-17 23:19:24', '2021-08-17 23:19:24', '2022-08-18 04:49:24'),
('e277d7bd9799643199691e89d954dc1cba6dbcb79805790f846e5cd0684e80818bd6a074b20db469', 41, 1, 'p_user_api_token', '[]', 0, '2020-06-01 08:03:24', '2020-06-01 08:03:24', '2021-06-01 08:03:24'),
('e3520f8607e054cceb4a0e71cc3e4f933fcdc61ff301590d99a1bc0864d73b49d27146cae3ebdf78', 54, 1, 'p_user_api_token', '[]', 0, '2020-06-27 06:53:58', '2020-06-27 06:53:58', '2021-06-27 06:53:58'),
('e36fd5ddccf1d3cacc7b4b063beb571277ccd86c86b1aaafc831887ecade7b9a1f75560c86170d48', 3, 1, 'p_user_api_token', '[]', 0, '2020-03-05 10:15:59', '2020-03-05 10:15:59', '2021-03-05 10:15:59'),
('e4efbef414b1e9b2888636c3b69497a8eac235bc7f6b754c355f5cdd893e6c8a924ce113e6d8b9cd', 104, 9, 'p_user_api_token', '[]', 0, '2022-03-10 00:40:45', '2022-03-10 00:40:45', '2023-03-10 06:10:45'),
('e598a7b0c9089c03b1de2d0bdae5ebf8b00ae370ddbcc76dbe51dcd8f8d3fe98a1e0b7b9ab2a64ee', 84, 1, 'p_user_api_token', '[]', 0, '2020-08-14 13:02:38', '2020-08-14 13:02:38', '2021-08-14 13:02:38'),
('e5d111a5d23a8e80fb2c5781defb7be43057d7b036c6112202fe880e2b9f111ed29ed8613b4fde10', 11, 1, 'p_user_api_token', '[]', 0, '2020-02-07 06:17:38', '2020-02-07 06:17:38', '2021-02-07 06:17:38'),
('e6775fc3b343b276c04938d3435b339babd7e8e9d14b0573a2c8dc483bfe6ecaae9770f5470b1981', 2, 1, 'p_user_api_token', '[]', 0, '2020-03-20 13:14:44', '2020-03-20 13:14:44', '2021-03-20 13:14:44'),
('e7a6d43015306269858fba3bfa03cd8d62d773fd1e5fabec2d37df53af53215b49ccf1b7279632ab', 3, 1, 'p_user_api_token', '[]', 0, '2020-03-05 10:19:20', '2020-03-05 10:19:20', '2021-03-05 10:19:20'),
('e91a469b74942a7683664bce00de2ba3ee7b398b27a6f3465b23b0dea721c3ddf46864003d52380a', 2, 1, 'p_user_api_token', '[]', 0, '2020-03-20 13:15:00', '2020-03-20 13:15:00', '2021-03-20 13:15:00'),
('e9cfa88e51f87a29f801c36a622cf5ecb44fdf20bf8f6ceb9f68fbcf61690edc798a065b17ef1bf7', 46, 1, 'p_user_api_token', '[]', 0, '2020-06-11 09:42:57', '2020-06-11 09:42:57', '2021-06-11 09:42:57'),
('ea5666561e8bf28036d5687fa5141243e7399f4cc4a506eb43305a8e9f4811c6093cedb96a93fb62', 80, 1, 'p_user_api_token', '[]', 0, '2020-07-30 10:17:40', '2020-07-30 10:17:40', '2021-07-30 10:17:40'),
('ea9bd8c06df0f2363d0a1eb6464e79090afdb573c5d3fa955b6e6133b93e26653b5a45287e5b519d', 44, 1, 'p_user_api_token', '[]', 0, '2020-06-10 08:52:49', '2020-06-10 08:52:49', '2021-06-10 08:52:49'),
('eb14d5afeac0954b8a22c284e1c5af638a52ab48754e477fa6d22e7c5fd1ebcd2b91d939e6281dad', 74, 1, 'p_user_api_token', '[]', 0, '2020-07-24 09:27:50', '2020-07-24 09:27:50', '2021-07-24 09:27:50'),
('eeab7bab3182e2fc0ca40ca4884fd850f72bea1c260bbec59a02bcae9888f122b44f8fb6c2ac8cfd', 66, 1, 'p_user_api_token', '[]', 0, '2020-07-10 19:17:33', '2020-07-10 19:17:33', '2021-07-10 19:17:33'),
('eeb2a49e1b9a237324bc13d4000523e6c28efcdd37994813dffae663e89e833716b6c5890c82a16a', 3, 1, 'p_user_api_token', '[]', 0, '2020-03-05 10:19:47', '2020-03-05 10:19:47', '2021-03-05 10:19:47'),
('f0e528e880abecd054d135ce65008b0d2acf48ce4d8c79eb23a080a224c216fd5196a7b5820322b5', 96, 5, 'p_user_api_token', '[]', 0, '2021-08-17 23:16:17', '2021-08-17 23:16:17', '2022-08-18 04:46:17'),
('f2b22435674ccda9f61acff7b995932d781f4c46cf6133fe67f7600a244ecc5771ac92b722c93019', 96, 5, 'p_user_api_token', '[]', 0, '2021-08-17 23:18:55', '2021-08-17 23:18:55', '2022-08-18 04:48:55'),
('f460dd2b35954dad97d13d71dc8052e34010d8a64ea7cb264b53f6f1610d95d45c13c20651c406e5', 3, 1, 'p_user_api_token', '[]', 0, '2020-03-05 10:14:57', '2020-03-05 10:14:57', '2021-03-05 10:14:57'),
('f51e69afee77c53196d97153622adbfaee0998e867ffd9bb8c9e63839fabdf3f868063473922cf88', 3, 1, 'p_user_api_token', '[]', 0, '2020-03-05 10:25:49', '2020-03-05 10:25:49', '2021-03-05 10:25:49'),
('f56865e496bde9c2243065ff5ceece1e163466c1ce6c501a9362f73361d4c902c2b62f5dc2a0e1b0', 3, 1, 'p_user_api_token', '[]', 0, '2020-03-05 11:18:12', '2020-03-05 11:18:12', '2021-03-05 11:18:12'),
('fb3c835e57085d1f4c23f07acf676f76fa7a0b4507d3f14920d41669b28cbf194d830ddbfadcbb84', 64, 1, 'p_user_api_token', '[]', 0, '2020-07-08 13:36:08', '2020-07-08 13:36:08', '2021-07-08 13:36:08'),
('fbd169f873b7f6c2b9c2efd282e33e27a43773abe37a1f1892a25183c331d8c814673f21751e7dc3', 4, 1, 'p_user_api_token', '[]', 0, '2020-03-08 15:30:54', '2020-03-08 15:30:54', '2021-03-08 15:30:54'),
('fe18a62cd56857fce13ca4d252109d0016560880f85a4d3ca577f5832d1cf5a9c576a7ad65b9efd0', 15, 1, 'p_user_api_token', '[]', 0, '2020-04-06 10:57:28', '2020-04-06 10:57:28', '2021-04-06 10:57:28'),
('fe445f3877307cb2e2b574859b71e0a7281b32c68801ca77b41fc2846d2fa4d200060fb7512b36de', 103, 9, 'p_user_api_token', '[]', 0, '2022-03-08 06:56:41', '2022-03-08 06:56:41', '2023-03-08 12:26:41'),
('fe82a00fef30c5f695897a2023448a143424863e648b64ec9afa9b1d21db2d51d4ba8377cd129585', 107, 9, 'p_user_api_token', '[]', 0, '2022-03-31 06:38:53', '2022-03-31 06:38:53', '2023-03-31 12:08:53'),
('fe849e6b45e07d3427fe26578ecf610556442f627f09e9c857b9282e98dc99fd2192deacc493cd9a', 35, 1, 'p_user_api_token', '[]', 0, '2020-05-20 08:44:01', '2020-05-20 08:44:01', '2021-05-20 08:44:01'),
('fe9647846d30045ffe6d603f3ac88f6f8bc41e56461ac55f5e68a528eb452e3d8c81d22bd1ab5b38', 107, 9, 'p_user_api_token', '[]', 0, '2022-03-12 04:07:04', '2022-03-12 04:07:04', '2023-03-12 09:37:04');

-- --------------------------------------------------------

--
-- Table structure for table `oauth_auth_codes`
--

CREATE TABLE `oauth_auth_codes` (
  `id` varchar(100) COLLATE utf8mb4_unicode_ci NOT NULL,
  `user_id` int(11) NOT NULL,
  `client_id` int(11) NOT NULL,
  `scopes` text COLLATE utf8mb4_unicode_ci DEFAULT NULL,
  `revoked` tinyint(1) NOT NULL,
  `expires_at` datetime DEFAULT NULL
) ENGINE=InnoDB DEFAULT CHARSET=utf8mb4 COLLATE=utf8mb4_unicode_ci;

-- --------------------------------------------------------

--
-- Table structure for table `oauth_clients`
--

CREATE TABLE `oauth_clients` (
  `id` int(10) UNSIGNED NOT NULL,
  `user_id` int(11) DEFAULT NULL,
  `name` varchar(191) COLLATE utf8mb4_unicode_ci NOT NULL,
  `secret` varchar(100) COLLATE utf8mb4_unicode_ci NOT NULL,
  `redirect` text COLLATE utf8mb4_unicode_ci NOT NULL,
  `personal_access_client` tinyint(1) NOT NULL,
  `password_client` tinyint(1) NOT NULL,
  `revoked` tinyint(1) NOT NULL,
  `created_at` timestamp NULL DEFAULT NULL,
  `updated_at` timestamp NULL DEFAULT NULL
) ENGINE=InnoDB DEFAULT CHARSET=utf8mb4 COLLATE=utf8mb4_unicode_ci;

--
-- Dumping data for table `oauth_clients`
--

INSERT INTO `oauth_clients` (`id`, `user_id`, `name`, `secret`, `redirect`, `personal_access_client`, `password_client`, `revoked`, `created_at`, `updated_at`) VALUES
(1, NULL, 'Laravel Personal Access Client', 'N2HRs71s838KIrjeJecc7Y62oJOI4lFnS9gckn5o', 'http://localhost', 1, 0, 0, '2020-01-21 12:30:06', '2020-01-21 12:30:06'),
(2, NULL, 'Laravel Password Grant Client', 'pw4QpI4nEvv2STXh5mH6qzfzoPW3FwAFk7KzYb5y', 'http://localhost', 0, 1, 0, '2020-01-21 12:30:06', '2020-01-21 12:30:06'),
(3, NULL, 'MyHospitalNow.com Personal Access Client', 'EmlKBW0vqiriDk72HwJzUtSqonh3kqOZ2pAdW3Q4', 'http://localhost', 1, 0, 0, '2020-11-06 07:29:05', '2020-11-06 07:29:05'),
(4, NULL, 'MyHospitalNow.com Password Grant Client', '8k0nvtGLtCXubv3XBHsaO3YOZlUzpZFBTNPCI2ZS', 'http://localhost', 0, 1, 0, '2020-11-06 07:29:05', '2020-11-06 07:29:05'),
(5, NULL, 'MyHospitalNow.com Personal Access Client', 'P611OjaLnJ6ByLQqip83de7JitczrqoPhguSorLW', 'http://localhost', 1, 0, 0, '2021-07-20 00:32:18', '2021-07-20 00:32:18'),
(6, NULL, 'MyHospitalNow.com Password Grant Client', 'DilUIQKdHjbD40byo9AyxWYg27PuHB5g8gOeECg7', 'http://localhost', 0, 1, 0, '2021-07-20 00:32:18', '2021-07-20 00:32:18'),
(7, NULL, 'MyHospitalNow.com Personal Access Client', 'rWpOerMrloQ3OOKceQ1TwDFnSFiHQsK1U9wTZdew', 'http://localhost', 1, 0, 0, '2022-03-08 00:28:41', '2022-03-08 00:28:41'),
(8, NULL, 'MyHospitalNow.com Password Grant Client', 'gZyn07LGNhoOhak2LtxzQEqH66SO7KaIkPytDP2F', 'http://localhost', 0, 1, 0, '2022-03-08 00:28:41', '2022-03-08 00:28:41'),
(9, NULL, 'MyHospitalNow.com Personal Access Client', 'IHJYMkKpifH3uPQLuvUObDV56qwwWujHOMgfcl6W', 'http://localhost', 1, 0, 0, '2022-03-08 00:29:35', '2022-03-08 00:29:35'),
(10, NULL, 'MyHospitalNow.com Password Grant Client', 'O2nm94p3DhSmgYxYnAljnoNZszpBOedaZ2knwCHz', 'http://localhost', 0, 1, 0, '2022-03-08 00:29:36', '2022-03-08 00:29:36');

-- --------------------------------------------------------

--
-- Table structure for table `oauth_personal_access_clients`
--

CREATE TABLE `oauth_personal_access_clients` (
  `id` int(10) UNSIGNED NOT NULL,
  `client_id` int(11) NOT NULL,
  `created_at` timestamp NULL DEFAULT NULL,
  `updated_at` timestamp NULL DEFAULT NULL
) ENGINE=InnoDB DEFAULT CHARSET=utf8mb4 COLLATE=utf8mb4_unicode_ci;

--
-- Dumping data for table `oauth_personal_access_clients`
--

INSERT INTO `oauth_personal_access_clients` (`id`, `client_id`, `created_at`, `updated_at`) VALUES
(1, 1, '2020-01-21 12:30:06', '2020-01-21 12:30:06'),
(2, 3, '2020-11-06 07:29:05', '2020-11-06 07:29:05'),
(3, 5, '2021-07-20 00:32:18', '2021-07-20 00:32:18'),
(4, 7, '2022-03-08 00:28:41', '2022-03-08 00:28:41'),
(5, 9, '2022-03-08 00:29:36', '2022-03-08 00:29:36');

-- --------------------------------------------------------

--
-- Table structure for table `oauth_refresh_tokens`
--

CREATE TABLE `oauth_refresh_tokens` (
  `id` varchar(100) COLLATE utf8mb4_unicode_ci NOT NULL,
  `access_token_id` varchar(100) COLLATE utf8mb4_unicode_ci NOT NULL,
  `revoked` tinyint(1) NOT NULL,
  `expires_at` datetime DEFAULT NULL
) ENGINE=InnoDB DEFAULT CHARSET=utf8mb4 COLLATE=utf8mb4_unicode_ci;

-- --------------------------------------------------------

--
-- Table structure for table `password_resets`
--

CREATE TABLE `password_resets` (
  `email` varchar(191) COLLATE utf8mb4_unicode_ci NOT NULL,
  `token` varchar(191) COLLATE utf8mb4_unicode_ci NOT NULL,
  `created_at` timestamp NULL DEFAULT NULL
) ENGINE=InnoDB DEFAULT CHARSET=utf8mb4 COLLATE=utf8mb4_unicode_ci;

--
-- Dumping data for table `password_resets`
--

INSERT INTO `password_resets` (`email`, `token`, `created_at`) VALUES
('shushant.cotocus@gmail.com', '$2y$10$Hsx8EJqQfPkJPWXyAkUiqOd5IBSK9yCnqEuEnW.3gCtSPB1qriA6W', '2020-03-18 10:19:26'),
('chetan.cotocusr@gmail.com', '$2y$10$jUZYoK.YnO67t6OQ8GqEiei9kKR6ZECrog73ehNrJ7aqrJdcZecx.', '2020-03-27 16:40:45'),
('hhhhh@h.c', '$2y$10$AjWjaz0bwWtMgfofV.Mr8uDtvQ2MJJvZawQDIsjh7WgYuy8Cs4XZa', '2020-03-27 16:54:17'),
('s@s.com', '$2y$10$3sgaSmw/gIaglP/3eyXxU.mVRtzbb03pDxEThS.3K.NPuwUNsVx5S', '2021-08-05 00:27:05'),
('manish.cotocus1@gmail.com', '$2y$10$5Rxme88vFSZS4iDExZriFO24aJNXOUl35nThy.5bXaVpj1NI6QLzm', '2022-03-08 03:19:46'),
('kumarrx9097@gmail.com', '$2y$10$gONC/TbaGDrMgjWuzMDtyuU1EKtjeyFjY6iSthoULtKGdC.ohwR5q', '2022-03-08 03:22:10'),
('test@gmail.com', '$2y$10$kPZuRfRgl/2xt0ItUPixDuKpJIF/iBd59M./MyC4rmpj4DfYLPbAe', '2022-03-08 03:33:56'),
('testing@gmail.com', '$2y$10$W.ht0bz4r3mNlOcAQ3bh/ehVBQpiycblcjDEeqQPIl918LSo6gcP6', '2022-03-08 03:45:25');

-- --------------------------------------------------------

--
-- Table structure for table `users`
--

CREATE TABLE `users` (
  `id` int(10) UNSIGNED NOT NULL,
  `role_type` enum('patient') COLLATE utf8mb4_unicode_ci NOT NULL DEFAULT 'patient',
  `name` varchar(191) COLLATE utf8mb4_unicode_ci NOT NULL,
  `email` varchar(191) COLLATE utf8mb4_unicode_ci NOT NULL,
  `password` varchar(191) COLLATE utf8mb4_unicode_ci NOT NULL,
  `active` int(11) NOT NULL DEFAULT 0,
  `country_id` varchar(191) COLLATE utf8mb4_unicode_ci NOT NULL,
  `country_name` varchar(191) COLLATE utf8mb4_unicode_ci NOT NULL,
  `country_code` varchar(3) COLLATE utf8mb4_unicode_ci NOT NULL,
  `phone` varchar(10) COLLATE utf8mb4_unicode_ci NOT NULL,
  `remember_token` varchar(100) COLLATE utf8mb4_unicode_ci DEFAULT NULL,
  `created_at` timestamp NULL DEFAULT NULL,
  `updated_at` timestamp NULL DEFAULT NULL
) ENGINE=InnoDB DEFAULT CHARSET=utf8mb4 COLLATE=utf8mb4_unicode_ci;

--
-- Dumping data for table `users`
--

INSERT INTO `users` (`id`, `role_type`, `name`, `email`, `password`, `active`, `country_id`, `country_name`, `country_code`, `phone`, `remember_token`, `created_at`, `updated_at`) VALUES
(92, 'patient', 'Deepak Patient', 'deepakkumar.ac.in@gmail.com', '$2y$10$JJeRRm9oaV5IHy/yeg2DHuzRhPtBiLFKV/1NODjAAUp5Snfl7pCIu', 1, '100', 'India ()', '91', '8861255708', 'rMTbjWZ7yLMk77TlHMBcjtx9EaByPRL5Zq7DMydAwzmAvqsm8RcNwoVyuCcX', '2020-11-05 05:44:21', '2020-11-05 05:44:47'),
(93, 'patient', 'Ramesh', 'deepak.cotocus@gmail.com', '$2y$10$tPemqMWQfFaxbSXWf0k5Xul0hempYjRHf3vPxa4fp6vdOQ6gqJ9EW', 1, '3', 'Afghanistan', '93', '8877117766', 'DdDOVKbIJ3V1zkpoUc1DyCu96dr8iA1iyFrOHRXaNWYO5LtJ6DSKLi1hCW72', '2020-11-06 09:28:09', '2020-11-06 09:29:04'),
(94, 'patient', 'Chetan', 'chetan.ac.in@gmail.com', '$2y$10$Hjmx.OXkACI9nTDLSR4VZ.TSn80ptjSKvRBYL9CONOEa2CC6Eckgy', 1, '100', 'India ()', '91', '6201211820', 'kbd5NjPQQeBefd7ZDb6qnEdX2MtMRIFv8et0aU3puPjlEPyoBtNyGVLer7NO', '2020-12-04 10:40:54', '2020-12-04 10:41:15'),
(95, 'patient', 'Amardeep Dubey', 'dubey.amaru123@gmail.com', '$2y$10$Lwfh9W/uOFpzgjQxvXScZOtHQJzxQvnMymUUFkzaM6O0jw7V8EWSG', 1, '101', 'India', '0', '9110990730', '0RrHHajklrqqndmyOy01tkz9wbvHSrGWTLydYbYeuRBkPVCVkVIHf7tigVrQ', '2021-07-23 01:53:46', '2021-07-23 01:54:41'),
(96, 'patient', 'Amardeep Dubey', 'amardeep.cotocus@gmail.com', '$2y$10$v.P7nzPiY4uNLhO6i3btDeFpgFnxn8io1ymCYU/1ShPEXhoLSfGL6', 1, '101', 'India', '0', '1234567890', 'vUCvaRxqv4vQ5hoLdb8QXj453wc8cWRrih6WF4a5kMPBUART7U8fxxjlaPQT', '2021-08-04 23:21:07', '2021-08-04 23:23:35'),
(97, 'patient', 'Sandeep', 's@s.com', '$2y$10$.nVkzqzgHYv/z8tO25or1OeYr//wbrllHbRogLaSofeGCtqBmtuIq', 0, '101', 'India', '0', '2321232123', NULL, '2021-08-05 00:27:03', '2021-08-05 00:27:03'),
(98, 'patient', 'Nd Pathak', 'nd@p.com', '$2y$10$XClhhqcX2lpFQsUDVSvgZeZd4n92hhIE0kUhr05yTKJVgwmIfXo0K', 1, '101', 'India', '0', '1234567890', 'asfngCE38KOOGpKrqk7SMUxNnHi6JFkG67hb1gRczxCQMpXDQNge1NHwrEDr', '2021-08-05 00:42:09', '2021-08-05 00:42:51'),
(99, 'patient', 'Savita Kumari', 'manish.cotocus1@gmail.com', '$2y$10$Qfgs/.OmpQ7cM1MRu8wK3OX7ve86IjO7ILg8i9c2k2i7y8KfREM86', 0, '101', 'India', '0', '1234567896', NULL, '2022-03-08 03:19:44', '2022-03-08 03:19:44'),
(100, 'patient', 'Samrat Kumar', 'kumarrx9097@gmail.com', '$2y$10$DgCUmX.8kBP6SS5tMFtg5eSlj1gjPNM3dlrT/5hDK7DX..yJLBA.K', 0, '101', 'India', '0', '8434846472', NULL, '2022-03-08 03:22:08', '2022-03-08 03:22:08'),
(101, 'patient', 'Sarita Devi', 'test@gmail.com', '$2y$10$xmSO2Gek0TwdBYURCgXFJOso2/OfBYKeoZX6INA5B5CGMy9vCsphu', 0, '101', 'India', '0', '8434846471', NULL, '2022-03-08 03:33:55', '2022-03-08 03:33:55'),
(102, 'patient', 'Shivam Kumar', 'testing@gmail.com', '$2y$10$0.GGESH5A8mUcJq4XTXaoucYE/ofrkAmJ5LtZFbfw./c4NiCFMYZy', 0, '101', 'India', '0', '1234567896', NULL, '2022-03-08 03:45:24', '2022-03-08 03:45:24'),
(103, 'patient', 'raushan mishra', 'testing@demo.com', '$2y$10$c8LVpOgGGyobGEmSa2NO/uWoRGlOJVN/m467dyYqUzMqfFiUZqvPm', 1, '101', 'India', '0', '7891234569', 'HQRnuuODFVgEQxl9XhNoea6qVul1OafGouP0c2zak0XizCOExRxQlpXRLDrK', '2022-03-08 06:55:09', '2022-03-08 06:55:42'),
(104, 'patient', 'demo kumar', 'started@gmail.com', '$2y$10$gI3JxLr819QX2PI/7LqRIepPlFxJzqOhK1gbCkcQfRyC2i7LOjYsq', 1, '12', 'Armenia', '0', '1212457845', 'NC1zxBPFBF8auxvK8IiKC1f32T11bXr4WBRSxZRQofJmvu8W8XdsRrjowb5N', '2022-03-09 04:34:51', '2022-03-09 04:55:57'),
(105, 'patient', 'demopracti', 'nomail@newmail.com', '$2y$10$a8rX54soFtbTanVobOaPLevfaBWdAG.x5MV5gysESuXkkps1nR0uC', 1, '101', 'India', '0', '7885452214', 'VvCysveFAhglOlIk12LghwPLkZib6rUPBdwJ2peIpiUmzYlWWGwUghzVDlQ9', '2022-03-11 01:37:47', '2022-03-11 01:38:26'),
(106, 'patient', 'sanju singh', 'testingmail@gmail.com', '$2y$10$OMSbxvb/yW0v3yGI13eX4e31XI9R6ziaFyYL67d1a2JlHiX7GSUUe', 1, '101', 'India', '0', '7992351224', 'f13Wb8Vv3Ly94pTVb4qOF8ovwu2rJT6o3XmpNiykzDvgFMLUA2BHeUTMRWXM', '2022-03-11 05:36:29', '2022-03-11 05:37:02'),
(107, 'patient', 'Paitient', 'paitient@gmail.com', '$2y$10$JIwu4u3eXEmO3TWcL5pLP.QMckWLILHDfwejGRxePjGPPD6jo1Wy2', 1, '101', 'India', '0', '1234567896', 'FSeMF2usHkMwB8V4aW9WPPJGnezjYgiQgRNLAMku7Ptinly01x1UIJOdqt5f', '2022-03-12 02:21:24', '2022-03-12 02:22:21');

--
-- Indexes for dumped tables
--

--
-- Indexes for table `admins`
--
ALTER TABLE `admins`
  ADD PRIMARY KEY (`id`),
  ADD UNIQUE KEY `admins_email_unique` (`email`);

--
-- Indexes for table `category`
--
ALTER TABLE `category`
  ADD PRIMARY KEY (`id`);

--
-- Indexes for table `country`
--
ALTER TABLE `country`
  ADD PRIMARY KEY (`id`);

--
-- Indexes for table `hospitals`
--
ALTER TABLE `hospitals`
  ADD PRIMARY KEY (`id`),
  ADD UNIQUE KEY `hospitals_email_unique` (`email`);

--
-- Indexes for table `migrations`
--
ALTER TABLE `migrations`
  ADD PRIMARY KEY (`id`);

--
-- Indexes for table `oauth_access_tokens`
--
ALTER TABLE `oauth_access_tokens`
  ADD PRIMARY KEY (`id`),
  ADD KEY `oauth_access_tokens_user_id_index` (`user_id`);

--
-- Indexes for table `oauth_auth_codes`
--
ALTER TABLE `oauth_auth_codes`
  ADD PRIMARY KEY (`id`);

--
-- Indexes for table `oauth_clients`
--
ALTER TABLE `oauth_clients`
  ADD PRIMARY KEY (`id`),
  ADD KEY `oauth_clients_user_id_index` (`user_id`);

--
-- Indexes for table `oauth_personal_access_clients`
--
ALTER TABLE `oauth_personal_access_clients`
  ADD PRIMARY KEY (`id`),
  ADD KEY `oauth_personal_access_clients_client_id_index` (`client_id`);

--
-- Indexes for table `oauth_refresh_tokens`
--
ALTER TABLE `oauth_refresh_tokens`
  ADD PRIMARY KEY (`id`),
  ADD KEY `oauth_refresh_tokens_access_token_id_index` (`access_token_id`);

--
-- Indexes for table `password_resets`
--
ALTER TABLE `password_resets`
  ADD KEY `password_resets_email_index` (`email`);

--
-- Indexes for table `users`
--
ALTER TABLE `users`
  ADD PRIMARY KEY (`id`),
  ADD UNIQUE KEY `users_email_unique` (`email`);

--
-- AUTO_INCREMENT for dumped tables
--

--
-- AUTO_INCREMENT for table `admins`
--
ALTER TABLE `admins`
  MODIFY `id` int(10) UNSIGNED NOT NULL AUTO_INCREMENT;

--
-- AUTO_INCREMENT for table `category`
--
ALTER TABLE `category`
  MODIFY `id` int(10) UNSIGNED NOT NULL AUTO_INCREMENT, AUTO_INCREMENT=21;

--
-- AUTO_INCREMENT for table `country`
--
ALTER TABLE `country`
  MODIFY `id` int(10) UNSIGNED NOT NULL AUTO_INCREMENT, AUTO_INCREMENT=21;

--
-- AUTO_INCREMENT for table `hospitals`
--
ALTER TABLE `hospitals`
  MODIFY `id` int(10) UNSIGNED NOT NULL AUTO_INCREMENT;

--
-- AUTO_INCREMENT for table `migrations`
--
ALTER TABLE `migrations`
  MODIFY `id` int(10) UNSIGNED NOT NULL AUTO_INCREMENT, AUTO_INCREMENT=15;

--
-- AUTO_INCREMENT for table `oauth_clients`
--
ALTER TABLE `oauth_clients`
  MODIFY `id` int(10) UNSIGNED NOT NULL AUTO_INCREMENT, AUTO_INCREMENT=11;

--
-- AUTO_INCREMENT for table `oauth_personal_access_clients`
--
ALTER TABLE `oauth_personal_access_clients`
  MODIFY `id` int(10) UNSIGNED NOT NULL AUTO_INCREMENT, AUTO_INCREMENT=6;

--
-- AUTO_INCREMENT for table `users`
--
ALTER TABLE `users`
  MODIFY `id` int(10) UNSIGNED NOT NULL AUTO_INCREMENT, AUTO_INCREMENT=108;
COMMIT;

/*!40101 SET CHARACTER_SET_CLIENT=@OLD_CHARACTER_SET_CLIENT */;
/*!40101 SET CHARACTER_SET_RESULTS=@OLD_CHARACTER_SET_RESULTS */;
/*!40101 SET COLLATION_CONNECTION=@OLD_COLLATION_CONNECTION */;
